{"name": "The Long Trail", "id": 11, "distance": 245.43, "maxElev": 1329, "type":"Topology","arcs":[[[0,0],[408,648]],[[408,648],[402,134]],[[810,782],[24,20]],[[834,802],[7,-1]],[[841,801],[96,99]],[[937,900],[-82,8]],[[855,908],[-53,51]],[[802,959],[-1,1]],[[801,960],[-68,67]],[[733,1027],[-9,-1]],[[724,1026],[-65,10]],[[659,1036],[168,134]],[[827,1170],[5,1]],[[832,1171],[3,0]],[[835,1171],[1,1]],[[836,1172],[130,51]],[[966,1223],[-21,341]],[[945,1564],[-75,21]],[[870,1585],[-6,4]],[[864,1589],[167,372]],[[1031,1961],[-1,1]],[[1030,1962],[232,35]],[[1262,1997],[-1,1]],[[1261,1998],[8,8]],[[1269,2006],[3,-2]],[[1272,2004],[84,51]],[[1356,2055],[-11,0]],[[1345,2055],[17,272]],[[1362,2327],[54,25]],[[1416,2352],[-75,53]],[[1341,2405],[-12,3]],[[1329,2408],[-118,106]],[[1211,2514],[-7,15]],[[1204,2529],[3,1]],[[1207,2530],[-118,59]],[[1089,2589],[-4,1]],[[1085,2590],[-140,143]],[[945,2733],[-87,254]],[[858,2987],[62,28]],[[920,3015],[79,161]],[[999,3176],[113,112]],[[1112,3288],[-94,125]],[[1018,3413],[-4,166]],[[1014,3579],[-9,46]],[[1005,3625],[3,30]],[[1008,3655],[-5,52]],[[1003,3707],[4,-1]],[[1007,3706],[150,132]],[[1157,3838],[60,74]],[[1217,3912],[4,22]],[[1221,3934],[-12,53]],[[1209,3987],[27,120]],[[1236,4107],[1,1]],[[1237,4108],[-74,5]],[[1163,4113],[-73,11]],[[1090,4124],[-23,6]],[[1067,4130],[4,0]],[[1071,4130],[20,2]],[[1091,4132],[-22,3]],[[1069,4135],[1,1]],[[1070,4136],[8,7]],[[1078,4143],[18,5]],[[1096,4148],[119,89]],[[1215,4237],[84,35]],[[1299,4272],[98,20]],[[1397,4292],[13,66]],[[1410,4358],[59,41]],[[1469,4399],[-41,9]],[[1428,4408],[41,38]],[[1469,4446],[5,2]],[[1474,4448],[39,27]],[[1513,4475],[5,26]],[[1518,4501],[1,4]],[[1519,4505],[120,23]],[[1639,4528],[7,-3]],[[1646,4525],[3,-3]],[[1649,4522],[5,-1]],[[1654,4521],[-6,16]],[[1648,4537],[28,32]],[[1676,4569],[96,18]],[[1772,4587],[4,5]],[[1776,4592],[12,5]],[[1788,4597],[68,39]],[[1856,4636],[82,106]],[[1938,4742],[-1,0]],[[1937,4742],[5,4]],[[1942,4746],[-20,31]],[[1922,4777],[5,9]],[[1927,4786],[16,9]],[[1943,4795],[-28,1]],[[1915,4796],[-1,0]],[[1914,4796],[-5,2]],[[1909,4798],[7,4]],[[1916,4802],[-3,1]],[[1913,4803],[1,1]],[[1914,4804],[-3,15]],[[1911,4819],[1,1]],[[1912,4820],[76,142]],[[1988,4962],[709,167]],[[2697,5129],[-1,67]],[[2696,5196],[11,-3]],[[2707,5193],[116,107]],[[2823,5300],[94,179]],[[2917,5479],[0,188]],[[2917,5667],[71,55]]],"transform":{"scale":[0.0002233285809906272,0.0003958087906326454],"translate":[-73.1555346,42.7438189]},"objects":{"trail":{"type":"GeometryCollection","geometries":[{"type":"LineString","arcs":[0,1,2,3,4,5,6,7,8,9,10,11,12,13,14,15,16,17,18,19,20,21,22,23,24,25,26,27,28,29,30,31,32,33,34,35,36,37,38,39,40,41,42,43,44,45,46,47,48,49,50,51,52,53,54,55,56,57,58,59,60,61,62,63,64,65,66,67,68,69,70,71,72,73,74,75,76,77,78,79,80,81,82,83,84,85,86,87,88,89,90,91,92,93,94,95,96,97,98,99,100,101,102,103,104],"id":"relation/391736"},{"type":"LineString","arcs":[1],"id":"way/19672747"},{"type":"LineString","arcs":[-88],"id":"way/19698990"},{"type":"LineString","arcs":[88],"id":"way/19699402"},{"type":"LineString","arcs":[-53],"id":"way/30753747"},{"type":"LineString","arcs":[-52],"id":"way/30754390"},{"type":"LineString","arcs":[45],"id":"way/31477640"},{"type":"LineString","arcs":[67],"id":"way/37861414"},{"type":"LineString","arcs":[44],"id":"way/44626734"},{"type":"LineString","arcs":[-79],"id":"way/48464644"},{"type":"LineString","arcs":[43],"id":"way/48665901"},{"type":"LineString","arcs":[48],"id":"way/48666526"},{"type":"LineString","arcs":[47],"id":"way/48666571"},{"type":"LineString","arcs":[41],"id":"way/48668335"},{"type":"LineString","arcs":[38],"id":"way/48668336"},{"type":"LineString","arcs":[40],"id":"way/48668338"},{"type":"LineString","arcs":[37],"id":"way/48668340"},{"type":"LineString","arcs":[34],"id":"way/48668346"},{"type":"LineString","arcs":[42],"id":"way/48669837"},{"type":"LineString","arcs":[39],"id":"way/48670136"},{"type":"LineString","arcs":[53],"id":"way/48682224"},{"type":"LineString","arcs":[72],"id":"way/48682938"},{"type":"LineString","arcs":[0],"id":"way/48775456"},{"type":"LineString","arcs":[97],"id":"way/48776460"},{"type":"LineString","arcs":[95],"id":"way/48778592"},{"type":"LineString","arcs":[104],"id":"way/48781324"},{"type":"LineString","arcs":[31],"id":"way/48781537"},{"type":"LineString","arcs":[21],"id":"way/48786433"},{"type":"LineString","arcs":[11],"id":"way/48786585"},{"type":"LineString","arcs":[16],"id":"way/48786735"},{"type":"LineString","arcs":[79],"id":"way/51825067"},{"type":"LineString","arcs":[-50],"id":"way/62203632"},{"type":"LineString","arcs":[-51],"id":"way/62203811"},{"type":"LineString","arcs":[5],"id":"way/69121381"},{"type":"LineString","arcs":[81],"id":"way/152429912"},{"type":"LineString","arcs":[-81],"id":"way/152429914"},{"type":"LineString","arcs":[-92],"id":"way/171163006"},{"type":"LineString","arcs":[4],"id":"way/240742030"},{"type":"LineString","arcs":[-60],"id":"way/295458647"},{"type":"LineString","arcs":[57],"id":"way/363639501"},{"type":null,"id":"way/363639502"},{"type":"LineString","arcs":[56],"id":"way/363639503"},{"type":"LineString","arcs":[61],"id":"way/371998469"},{"type":"LineString","arcs":[-91],"id":"way/444849940"},{"type":"LineString","arcs":[-90],"id":"way/444849944"},{"type":"LineString","arcs":[71],"id":"way/458072757"},{"type":"LineString","arcs":[64],"id":"way/458234014"},{"type":"LineString","arcs":[65],"id":"way/458234015"},{"type":"LineString","arcs":[66],"id":"way/458234017"},{"type":"LineString","arcs":[68],"id":"way/458237838"},{"type":"LineString","arcs":[-61],"id":"way/483217757"},{"type":"LineString","arcs":[63],"id":"way/483217761"},{"type":"LineString","arcs":[62],"id":"way/484277068"},{"type":"LineString","arcs":[58],"id":"way/484284588"},{"type":null,"id":"way/484286508"},{"type":"LineString","arcs":[54],"id":"way/484286509"},{"type":"LineString","arcs":[55],"id":"way/484286510"},{"type":"LineString","arcs":[70],"id":"way/484418748"},{"type":"LineString","arcs":[69],"id":"way/484418753"},{"type":"LineString","arcs":[82],"id":"way/539443480"},{"type":"LineString","arcs":[83],"id":"way/539443498"},{"type":"LineString","arcs":[103],"id":"way/576428613"},{"type":"LineString","arcs":[99],"id":"way/576428616"},{"type":"LineString","arcs":[101],"id":"way/576428619"},{"type":"LineString","arcs":[98],"id":"way/576428622"},{"type":"LineString","arcs":[28],"id":"way/585617053"},{"type":"LineString","arcs":[30],"id":"way/585621875"},{"type":"LineString","arcs":[29],"id":"way/585621876"},{"type":null,"id":"way/788312664"},{"type":"LineString","arcs":[15],"id":"way/788312665"},{"type":"LineString","arcs":[17],"id":"way/825223533"},{"type":null,"id":"way/825223534"},{"type":"LineString","arcs":[96],"id":"way/852069490"},{"type":"LineString","arcs":[27],"id":"way/852183701"},{"type":"LineString","arcs":[-27],"id":"way/852183702"},{"type":"LineString","arcs":[-74],"id":"way/852712864"},{"type":null,"id":"way/852712865"},{"type":"LineString","arcs":[19],"id":"way/853561268"},{"type":"LineString","arcs":[18],"id":"way/853561270"},{"type":"LineString","arcs":[12],"id":"way/856176783"},{"type":"LineString","arcs":[14],"id":"way/856176784"},{"type":"LineString","arcs":[13],"id":"way/856176785"},{"type":"LineString","arcs":[20],"id":"way/894757737"},{"type":"LineString","arcs":[-77],"id":"way/905272432"},{"type":"LineString","arcs":[-75],"id":"way/905272433"},{"type":"LineString","arcs":[-78],"id":"way/905272434"},{"type":"LineString","arcs":[-76],"id":"way/905272436"},{"type":"LineString","arcs":[33],"id":"way/935626255"},{"type":"LineString","arcs":[32],"id":"way/935626256"},{"type":"LineString","arcs":[36],"id":"way/935626263"},{"type":"LineString","arcs":[35],"id":"way/935626264"},{"type":"LineString","arcs":[100],"id":"way/967639261"},{"type":"LineString","arcs":[102],"id":"way/967639262"},{"type":"LineString","arcs":[86],"id":"way/968518041"},{"type":null,"id":"way/968518042"},{"type":"LineString","arcs":[92],