Year,Facebook,Instagram,Reddit,Youtube
2008,100.0,0.0,1.94494,294.49395
2009,276.0,0.0,3.893524,413.61144
2010,517.75,0.0,3.893524,480.55199
2011,766.0,0.0,3.893524,642.669824
2012,979.75,0.0,3.893524,844.6382
2013,1170.5,117.5,3.893524,1065.223075
2014,1334.0,250.0,135.786956,1249.451725
2015,1516.75,400.0,163.346676,1328.13336
2016,1753.5,550.0,238.97248,1399.0536
2017,2035.75,750.0,297.3942,1495.657
2018,2255.25,1000.0,355.0,1900.0
